Workbook
Name FID_1: [1]AGR_Fuels!$A$2

Sheet EnergyBalance
P1: Default Units | Q1: Currency | R1: Activity | S1: Emissions
D2: COA | E2: GAS | F2: OIL | G2: NUC | H2: RNW | I2: SLU | J2: HET | K2: ELC | Q2: M€2005 | R2: PJ | S2: kt
D3: Solid Fuels | E3: Natural Gas | F3: Crude Oil | G3: Nuclear Energy | H3: Renewable Energies | I3: Industrial Wastes | J3: Derived Heat | K3: Electricity | L3: Total
C4: PRIMARY
B5: MIN | C5: Domestic Supply | D5: 8098.358 | E5: 7899.497 | F5: 5378.512 | G5: 10775.149 | H5: 5026.6 | I5: 0 | J5: 0 | K5: 0 | L5: =SUM(D5:K5)
B6: IMP | C6: Imports | D6: 6462.671 | E6: 13291.729 | F6: 39959.98 | G6: 0 | H6: 113.019 | I6: 0.007 | J6: 0.153 | K6: 1167.52 | L6: =SUM(D6:K6)
B7: EXP | C7: Exports | D7: -1147.069 | E7: -2516.331 | F7: -14830.662 | G7: 0 | H7: -72.404 | I7: 0 | J7: -0.129 | K7: -1126.804 | L7: =SUM(D7:K7)
B8: TPS | C8: Total Primary Supply | D8: =SUM(D5:D7) | E8: =SUM(E5:E7) | F8: =SUM(F5:F7) | G8: =SUM(G5:G7) | H8: =SUM(H5:H7) | I8: =SUM(I5:I7) | J8: =SUM(J5:J7) | K8: =SUM(K5:K7) | L8: =SUM(L5:L7)
C9: CONVERSION
B10: ESC | C10: Energy Sector Consumption | D10: -57.638 | E10: -792.98 | F10: -1848.605 | G10: 0 | H10: -4.283 | I10: -1.52 | J10: 0 | K10: 0 | L10: =SUM(D10:K10)
B11: ELC | C11: Electricity Plants | D11: -9598.12 | E11: -5635.544 | F11: -1224.609 | G11: -10775.149 | H11: -1255.692 | I11: -32.949 | J11: 1737.559 | K11: 11581 | L11: =SUM(D11:K11)
B12: HPL | C12: Heat Plants | D12: -161.396 | E12: -301.301 | F12: -49.649 | G12: 0 | H12: -140.207 | I12: -1.569 | J12: 658.743 | K12: 0 | L12: =SUM(D12:K12)
B13: REF | C13: Petroleum Refineries | F13: -31736.461 | L13: =SUM(D13:K13)
C14: Total Conversion | D14: =SUM(D10:D13) | E14: =SUM(E10:E13) | F14: =SUM(F10:F13) | G14: =SUM(G10:G13) | H14: =SUM(H10:H13) | I14: =SUM(I10:I13) | J14: =SUM(J10:J13) | K14: =SUM(K10:K13) | L14: =SUM(L10:L13)
C15: FINAL
B16: RSD | C16: Residential | D16: 356.555 | E16: 5159.793 | F16: 2289.293 | G16: 0 | H16: 1293.927 | I16: 0 | J16: 865.485 | K16: 2871.742 | L16: =SUM(D16:K16)
B17: COM | C17: Commercial | D17: 56.925 | E17: 1751.73 | F17: 854.81 | G17: 0 | H17: 67.406 | I17: 1.217 | J17: 254.646 | K17: 2527.391 | L17: =SUM(D17:K17)
B18: IND | C18: Industry | D18: 1896.986 | E18: 4437.161 | F18: 2016.111 | G18: 0 | H18: 721.671 | I18: 117.192 | J18: 633.583 | K18: 4088.444 | L18: =SUM(D18:K18)
B19: AGR | C19: Agriculture | D19: 44.1 | E19: 201.206 | F19: 797.372 | G19: 0 | H19: 63.086 | I19: 0.001 | J19: 15.574 | K19: 19.386 | L19: =SUM(D19:K19)
B20: TRA | C20: Transport | D20: 0.556 | E20: 21.249 | F20: 14851.249 | G20: 0 | H20: 130.685 | I20: 0 | J20: 0 | K20: 265.972 | L20: =SUM(D20:K20)
B21: OTH | C21: Other | D21: =IF((SUM(D16:D20,D22:D23)-SUM(D10:D12))>D8,0,(D8-SUM(D16:D20,D22:D23)+SUM(D10:D12))) | E21: =IF((SUM(E16:E20,E22:E23)-SUM(E10:E12))>E8,0,(E8-SUM(E16:E20,E22:E23)+SUM(E10:E12))) | F21: 392.532 | G21: =IF((SUM(G16:G20,G22:G23)-SUM(G10:G12))>G8,0,(G8-SUM(G16:G20,G22:G23)+SUM(G10:G12))) | H21: =IF((SUM(H16:H20,H22:H23)-SUM(H10:H12))>H8,0,(H8-SUM(H16:H20,H22:H23)+SUM(H10:H12))) | I21: =IF((SUM(I16:I20,I22:I23)-SUM(I10:I12))>I8,0,(I8-SUM(I16:I20,I22:I23)+SUM(I10:I12))) | J21: =IF((SUM(J16:J20,J22:J23)-SUM(J10:J12))>J8,0,(J8-SUM(J16:J20,J22:J23)+SUM(J10:J12))) | K21: 650 | L21: =SUM(D21:K21)
B22: NEN | C22: Non Energy | D22: 52.453 | E22: 633.823 | F22: 4072.508 | H22: 0 | I22: 0 | J22: 0 | K22: 0 | L22: =SUM(D22:K22)
B23: BNK | C23: Bunkers | D23: 0 | E23: 0 | F23: 2111.092 | H23: 0 | I23: 0 | J23: 0 | K23: 0 | L23: =SUM(D23:K23)
B24: TFC | C24: Total Final Consumption | D24: =SUM(D16:D23) | E24: =SUM(E16:E23) | F24: =SUM(F16:F23) | G24: =SUM(G16:G23) | H24: =SUM(H16:H23) | I24: =SUM(I16:I23) | J24: =SUM(J16:J23) | K24: =SUM(K16:K23) | L24: =SUM(L16:L23)
C27: Data used in the template to buld the model
D36: COA
C37: Domestic Supply Curve Share - Step 1 | D37: 0.75
C38: Domestic Supply Curve Share - Step 2 | D38: 0.25

Sheet RES&OBJ
B2: Objective Function | K2: Objective Function by Scenario
K3: _SysCost VEDA-BE table
B4: Run name: DemoS_001
B14: Reference Energy System (from VEDA-FE Go-To RES feature)
D16: Primary Supply (Mining, Import/Export and total primary supply demand)

Sheet Pri_COA
B1: Sector Name | C1: Commodity | D1: Description | E1: Default Unit | G1: Currency Unit
C2: =EnergyBalance!D2 | D2: =EnergyBalance!D3 | E2: =EnergyBalance!R2 | G2: =EnergyBalance!Q2 | K2: ~FI_Comm
K3: Csets | L3: Region | M3: CommName | N3: CommDesc | O3: Unit | P3: LimType | Q3: CTSLvl | R3: PeakTS | S3: Ctype
K4: *Commodity Set Membership | L4: Region Name | M4: Commodity Name | N4: Commodity Description | O4: Unit | P4: Sense of the Balance EQN. | Q4: Timeslice Level | R4: Peak Monitoring | S4: Electricity Indicator
K5: NRG | M5: =C2 | N5: =D2 | O5: =$E$2
F7: ~FI_T | K7: ~FI_Process
B8: TechName | C8: Comm-IN | D8: Comm-OUT | E8: Year | F8: LimType | G8: CUM | H8: COST | I8: ACT_BND | K8: Sets | L8: Region | M8: TechName | N8: TechDesc | O8: Tact | P8: Tcap | Q8: Tslvl | R8: PrimaryCG | S8: Vintage
B9: *Technology Name | C9: Input Commodity | D9: Output Commodity | G9: Reserves Cumulative Value | H9: Cost | I9: Annual Production Bound | K9: *Process Set Membership | L9: Region Name | M9: Technology Name | N9: Technology Description | O9: Activity Unit | P9: Capacity Unit | Q9: TimeSlice level of Process Activity | R9: Primary Commodity Group | S9: Vintage Tracking
B10: *Units | G10: =$E$2 | H10: =$G$2&"/"&$E$2 | I10: =$E$2 | K10: *
B11: =M11 | D11: =$M$5 | E11: 2005 | F11: UP | G11: 80000 | H11: 2 | I11: =EnergyBalance!$D$5*EnergyBalance!D37 | K11: =EnergyBalance!$B$5 | M11: =$K$11&$C$2&1 | N11: ="Domestic Supply of "&$D$2& " Step "&RIGHT(M11,1) | O11: =$E$2
E12: 2006 | F12: UP | I12: =I11 | M12: =$K$11&$C$2&2 | N12: ="Domestic Supply of "&$D$2& " Step "&RIGHT(M12,1) | O12: =$E$2
B13: =M12 | D13: =$M$5 | E13: 2005 | F13: UP | G13: 160000 | H13: 2.5 | I13: =EnergyBalance!$D$5*EnergyBalance!D38 | M13: =$K$11&$C$2&3 | N13: ="Domestic Supply of "&$D$2& " Step "&RIGHT(M13,1) | O13: =$E$2
E14: 2006 | F14: UP | I14: =I13 | K14: =EnergyBalance!$B$6 | M14: =$K$14&$C$2&1 | N14: ="Import of "&$D$2& " Step "&RIGHT(M14,1) | O14: =$E$2
B15: =M13 | D15: =$M$5 | G15: 320000 | H15: 3 | K15: =EnergyBalance!B7 | M15: =$K$15&$C$2&1 | N15: ="Export of "&$D$2& " Step "&RIGHT(M15,1) | O15: =$E$2
B16: =M14 | D16: =$M$5 | H16: 2.75
B17: =M15 | C17: =$M$5 | E17: 2005 | F17: UP | H17: 2.75 | I17: =-EnergyBalance!D7
E18: 2006 | F18: UP | I18: =I17
C22: User inputs
C23: Linked to the Energy Balance

Sheet DemTechs_TPS
B1: Sector Name | C1: Description | D1: Type | E1: Default Unit | F1: Currency Unit | H1: Existing
B2: =EnergyBalance!B8 | C2: =EnergyBalance!C8 | D2: ="Demand Technology" | E2: =EnergyBalance!R2 | F2: =EnergyBalance!Q2 | H2: E | L2: ~FI_Comm
L3: Csets | M3: Region | N3: CommName | O3: CommDesc | P3: Unit | Q3: LimType | R3: CTSLvl | S3: PeakTS | T3: Ctype
L4: *Commodity Set Membership | M4: Region Name | N4: Commodity Name | O4: Commodity Description | P4: Unit | Q4: Sense of the Balance EQN. | R4: Timeslice Level | S4: Peak Monitoring | T4: Electricity Indicator
L5: DEM | N5: =B2&EnergyBalance!D2 | O5: =LEFT($D$2,6)&" "&$C$2&" - "&EnergyBalance!D2 | P5: =$E$2
D8: ~FI_T | L8: ~FI_Process
B9: TechName | C9: Comm-IN | D9: Comm-OUT | E9: STOCK | F9: EFF | G9: AFA | H9: INVCOST | I9: FIXOM | J9: LIFE | L9: Sets | M9: Region | N9: TechName | O9: TechDesc | P9: Tact | Q9: Tcap | R9: Tslvl | S9: PrimaryCG | T9: Vintage
B10: *Technology Name | C10: Input Commodity | D10: Output Commodity | E10: Existing Installed Capacity | F10: Efficiency | G10: Utilisation Factor | H10: Invesctment Cost | I10: Fixed O&M Cost | J10: Lifetime | L10: *Process Set Membership | M10: Region Name | N10: Technology Name | O10: Technology Description | P10: Activity Unit | Q10: Capacity Unit | R10: TimeSlice level of Process Activity | S10: Primary Commodity Group | T10: Vintage Tracking
B11: *Units | E11: =E2&"a" | H11: =$F$2&"/"&$E$2 | I11: =$F$2&"/"&$E$2&"a" | J11: Years | L11: *
B12: =N12 | C12: =RIGHT(B12,3) | D12: =$N$5 | F12: 1 | G12: 0.95 | H12: 10 | I12: =H12*0.02 | J12: 20 | L12: DMD | N12: =LEFT(L12,1)&B2&RIGHT(O12,3) | O12: =$D$2&" "&$C$2&" - "&EnergyBalance!D2 | P12: =$E$2 | Q12: =$E$2&"a"
C23: User inputs
C24: Linked to the Energy Balance

Sheet Demands
B1: Sector Name | C1: Commodity | D1: Description | E1: Default Unit | G1: Currency Unit
B2: DEM | E2: =EnergyBalance!R2 | G2: =EnergyBalance!Q2
C5: ~FI_T
B6: Attribute | C6: CommName | D6: *Unit | E6: 2005
B7: * | C7: Demand Commodity Name | D7: Demand Unit | E7: Demand Value
B8: *Units | E8: =E2
B9: Demand | C9: =DemTechs_TPS!N5 | D9: PJ | E9: =EnergyBalance!D24-EnergyBalance!D14
C21: User inputs
C22: Linked to the Energy Balance
